{"cameraMode":{"drawMode":0,"name":"Shaded","section":"Shading Mode"},"sceneLighting":true,"audioPlay":false,"sceneViewState":{"showFog":true,"showMaterialUpdate":true,"showSkybox":true,"showFlares":true,"showImageEffects":true,"showParticleSystems":true},"in2DMode":false,"pivot":{"x":524.9747314453125,"y":-0.9011787176132202,"z":-328.7662353515625},"rotation":{"x":-0.3155367970466614,"y":-0.000550354365259409,"z":-0.002479802118614316,"w":0.9499817490577698},"size":1.8923189640045167,"orthographic":false}